Luis,42,3142536323,Street 4 - 42 ,Spain,9710762
Ana,35,3142536322,Street 5 - 43 ,France,2896991
Carlos,42,3142536623,Street 6 - 44,Mexico,4103868
Marisol,29,3142536323,Street 7 - 45 ,Mexico,1871071
Luis,42,3142536323,Street 4 - 42 ,Spain,3101773
Ana,35,3142536322,Street 5 - 43 ,France,2610855
Carlos,42,3142536623,Street 6 - 44,Mexico,3743741
Marisol,29,3142536323,Street 7 - 45 ,Mexico,1924731
Luis,42,3142536323,Street 4 - 42 ,Spain,7316351
Ana,35,3142536322,Street 5 - 43 ,France,2997791
Carlos,42,3142536623,Street 6 - 44,Mexico,8103699
Marisol,29,3142536323,Street 7 - 45 ,Mexico,8105341
Luis,42,3142536323,Street 4 - 42 ,Spain,4763106
Ana,35,3142536322,Street 5 - 43 ,France,2232110
Carlos,42,3142536623,Street 6 - 44,Mexico,1132751
Marisol,29,3142536323,Street 7 - 45 ,Mexico,9959210
